Company Name,Price,Rating,Subindustry,Subsubindustry,Address,Phone,Website,Borough,Postcode,Latitude,Longitude,Community Board,Community Council ,Census Tract,BIN,BBL,Region,Location 1
Europa Cafe,2,3,Caf_ / Deli,N/A,3 Times Sq,212-239-0160,www.euorpacafe.com,1,10036,40.756376,-73.986713,5,3,119,"1,024,686","1,010,140,033",Midtown-Midtown South ,"3 Times Sq(40.756376, -73.986713)"
Ranch 1,1,2.5,Quick Serve,Fast Food,832 Eighth Ave,2129561111,,1,10019,40.762444,-73.985983,5,3,131,"1,024,809","1,010,220,002",Midtown-Midtown South                                                      ,"832 Eighth Ave(40.762444, -73.985983)"
Sosa Borella,2,3.5,Full Serve,Argentinian,832 Eighth Ave,(212) 262-8282,http://www.sosaborella.com/,1,10019,40.762444,-73.985983,5,3,131,"1,024,809","1,010,220,002",Midtown-Midtown South                                                      ,"832 Eighth Ave(40.762444, -73.985983)"
Mi Nidito (Cantina Mexicana),2,3,Full Serve,Mexican,852 Eighth Ave,(212) 265-0022,,1,10019,40.763128,-73.985481,5,3,131,"1,081,646","1,010,230,002",Midtown-Midtown South                                                      ,"852 Eighth Ave(40.763128, -73.985481)"
Starbucks,1,2.5,Coffee,N/A,"871-879 Eighth Ave, Suite# 871",2122467699,www.starbucks.com,1,10019,40.763644,-73.985134,4,3,133,"1,025,257","1,010,437,501",Clinton                                                                    ,"871-879 Eighth Ave, Suite# 871(40.763644, -73.985134)"
China Gourmet,1,2.5,Full Serve,Chinese,877 Eighth Ave,(212) 246-8181,,1,10019,40.763789,-73.985026,4,3,133,"1,025,257","1,010,437,501",Clinton                                                                    ,"877 Eighth Ave(40.763789, -73.985026)"
Rino Trattoria,0,0,Full Serve,Italian,877 Eighth Ave,(212) 307-0666,www.rinotrattoria.com,1,10019,40.763789,-73.985026,4,3,133,"1,025,257","1,010,437,501",Clinton                                                                    ,"877 Eighth Ave(40.763789, -73.985026)"
Laxmi Corp. Newsstand,1,2,Caf_ / Deli,N/A,879 Eighth Ave,,,1,10019,40.763839,-73.98499,4,3,133,"1,025,257","1,010,437,501",Clinton                                                                    ,"879 Eighth Ave(40.763839, -73.98499)"
Caffe Cielo,2,3,Full Serve,Italian,881 Eighth Ave,212 246-9555,,1,10019,40.763885,-73.984954,4,3,133,"1,025,323","1,010,437,502",Clinton                                                                    ,"881 Eighth Ave(40.763885, -73.984954)"
Cosmic Diner,2,2.5,Full Serve,Diner,888 Eighth Ave,212 333-5888,,1,10019,40.764072,-73.984791,5,3,131,"1,024,825","1,010,240,001",Midtown-Midtown South                                                      ,"888 Eighth Ave(40.764072, -73.984791)"
Brasserie Athena,2,3.5,Full Serve,French,300 W 46th St,(212) 399-1100,,1,10036,40.759963,-73.988355,4,3,121,"1,081,654","1,010,360,036",Clinton                                                                    ,"300 W 46th St(40.759963, -73.988355)"
The House of Brews,2,4,Full Serve,American,302 W 51st St,,http://www.houseofbrewsny.com/,1,10019,40.763037,-73.985958,4,3,133,"1,025,175","1,010,410,037",Clinton                                                                    ,"302 W 51st St(40.763037, -73.985958)"
Seasons,2,3,Full Serve,American,888 Eighth Ave,(212) 586-2257,,1,10019,40.764072,-73.984791,5,3,131,"1,024,825","1,010,240,001",Midtown-Midtown South                                                      ,"888 Eighth Ave(40.764072, -73.984791)"
World of Nuts and Ice Cream,1,1,Quick Serve,Dessert,888 Eighth Ave,(212) 245-0398,www.worldofnutsandicecream.com,1,10019,40.764072,-73.984791,5,3,131,"1,024,825","1,010,240,001",Midtown-Midtown South                                                      ,"888 Eighth Ave(40.764072, -73.984791)"
Green Emporium,2,3,Caf_ / Deli,N/A,791 Eighth Ave,2124591924,,1,10019,40.761133,-73.986958,4,3,127,"1,025,141","1,010,390,029",Clinton                                                                    ,"791 Eighth Ave(40.761133, -73.986958)"
Rosie O'Grady's Saloon,2,3,Full Serve,American,800 Seventh Ave,212-582-2975,,1,10019,40.762441,-73.982294,5,4,131,"1,024,827","1,010,240,029",Midtown-Midtown South                                                      ,"800 Seventh Ave(40.762441, -73.982294)"
"810 Deli, Inc",2,3,Caf_ / Deli,N/A,810 Seventh Ave,2125414136,www.810deli.com,1,10019,40.762639,-73.982146,5,4,131,"1,024,828","1,010,240,038",Midtown-Midtown South                                                      ,"810 Seventh Ave(40.762639, -73.982146)"
Deli / Caf_,2,3,Caf_ / Deli,N/A,810 Seventh Ave,(212) 541-4136,http://www.810deli.com/,1,10019,40.762639,-73.982146,5,4,131,"1,024,828","1,010,240,038",Midtown-Midtown South                                                      ,"810 Seventh Ave(40.762639, -73.982146)"
Ichi Masa Japanese Sushi,2,3,Full Serve,Japanese,825 Eighth Ave,(212) 315-4800,http://ichimasany.com/,1,10019,40.762074,-73.986275,4,3,127,"1,076,203","1,010,400,029",Clinton                                                                    ,"825 Eighth Ave(40.762074, -73.986275)"
Starbucks,1,2.5,Coffee,N/A,825 Eighth Ave,2124622020,www.starbucks.com,1,10019,40.762074,-73.986275,4,3,127,"1,076,203","1,010,400,029",Clinton                                                                    ,"825 Eighth Ave(40.762074, -73.986275)"
Starbucks,1,2.5,Coffee,N/A,156 W 52nd St,(212) 581-6410,,1,10019,40.762027,-73.981622,5,4,131,"1,023,157","1,010,040,020",Midtown-Midtown South                                                      ,"156 W 52nd St(40.762027, -73.981622)"
The Library @ Paramount Hotel,3,3.5,Full Serve,American,235 W 46th St,212 827-4183,www.paramountNewYork.solmelia.com,1,10036,40.759132,-73.986348,5,3,125,"1,024,737","1,010,180,006",Midtown-Midtown South                                                      ,"235 W 46th St(40.759132, -73.986348)"
46 Bar (Paramount Hotel),3,4,Bar / Lounge,N/A,235 W 46th St,(212) 764-5500,http://www.nycparamount.com/,1,10036,40.759132,-73.986348,5,3,125,"1,024,737","1,010,180,006",Midtown-Midtown South                                                      ,"235 W 46th St(40.759132, -73.986348)"
Victor's Cafe,3,4,Caf_ / Deli,N/A,236 W 52nd St,(212) 586-7714 ,www.victorscafe.com,1,10019,40.762968,-73.983853,5,3,131,"1,080,858","1,010,230,051",Midtown-Midtown South                                                      ,"236 W 52nd St(40.762968, -73.983853)"
Auntie Anne's,1,3,Quick Serve,Fast Food,664 Eighth Ave,2127641542,www.auntieannes.com,1,10036,40.757436,-73.989633,5,3,119,"1,087,142","1,010,140,001",Midtown-Midtown South                                                      ,"664 Eighth Ave(40.757436, -73.989633)"
B.B. King Blues Club & Grill,2,3,Full Serve,American,237 W 42nd St,2129974144,www.bbkingblues.com,1,10036,40.756785,-73.988702,5,3,119,"1,087,142","1,010,140,001",Midtown-Midtown South                                                      ,"237 W 42nd St(40.756785, -73.988702)"
Cold Stone Creamery/ Tim Horton's,2,3,Quick Serve,Dessert,243 W 42nd St,2123981882,www.coldstonecreamery.com,1,10036,40.756821,-73.988789,5,3,119,"1,087,142","1,010,140,001",Midtown-Midtown South                                                      ,"243 W 42nd St(40.756821, -73.988789)"
Dallas BBQ,2,3,Full Serve,Barbecue,27 West 72nd Street,2128732004,,1,10023,40.776988,-73.977766,7,6,157,"1,087,511","1,011,257,502",Lincoln Square                                                             ,"27 West 72nd Street(40.776988, -73.977766)"
Starbucks,1,2.5,Coffee,N/A,251 W 42nd St,2123981982,www.starbucks.com,1,10036,40.756867,-73.988901,5,3,119,"1,087,142","1,010,140,001",Midtown-Midtown South                                                      ,"251 W 42nd St(40.756867, -73.988901)"
Pongsri Thai Restaurant,2,3.5,Full Serve,Thai,244 W 48th St,2125823392,,1,10036,40.76052,-73.985817,5,3,125,"1,024,765","1,010,190,059",Midtown-Midtown South                                                      ,"244 W 48th St(40.76052, -73.985817)"
Lillie's Victorian Establishment,2,4,Full Serve,Italian,249 W 48th St,,,1,10036,40.76057,-73.98589,5,3,125,,,Midtown-Midtown South                                                      ,"249 W 48th St(40.76057, -73.98589)"
Lucky Star Cafe,1,3.5,Full Serve,American,250 W 43rd St,(201) 838-9269,,1,10036,40.757309,-73.987901,5,3,119,"1,085,096","1,010,140,055",Midtown-Midtown South                                                      ,"250 W 43rd St(40.757309, -73.987901)"
Shula's Steakhouse,3,3.5,Full Serve,Steakhouse,250 W 43rd St,2122012776,http://www.donshula.com,1,10036,40.757309,-73.987901,5,3,119,"1,085,096","1,010,140,055",Midtown-Midtown South                                                      ,"250 W 43rd St(40.757309, -73.987901)"
Scarlatto,2,3.5,Full Serve,Italian,250 W 47th St,212 730-4535,scarlattonyc.com,1,10036,40.759892,-73.986276,5,3,125,"1,024,744","1,010,180,054",Midtown-Midtown South                                                      ,"250 W 47th St(40.759892, -73.986276)"
Toloache,3,4,Full Serve,Mexican,251 W 50th St,(212) 581-1818 ,www.toloachenyc.com,1,10019,40.761851,-73.985041,5,3,131,"1,024,814","1,010,220,101",Midtown-Midtown South                                                      ,"251 W 50th St(40.761851, -73.985041)"
Bluechili,2,3,Full Serve,Pan Asian,251 W 51st St,(212) 246-3330,www.bluechilinyc.com,1,10019,40.762477,-73.984586,5,3,131,"1,024,815","1,010,230,005",Midtown-Midtown South                                                      ,"251 W 51st St(40.762477, -73.984586)"
Pergola des Artistes,2,3.5,N/A,French,252 W 46th St,2123027500,pergoladesartistes.com,1,10036,40.759261,-73.986695,5,3,119,"1,024,729","1,010,170,057",Midtown-Midtown South                                                      ,"252 W 46th St(40.759261, -73.986695)"
Trattoria Trecolori,2,4,Full Serve,Italian,254 W 47th St,(212) 997-4540,,1,10036,40.759919,-73.986348,5,3,125,"1,024,746","1,010,180,056",Midtown-Midtown South                                                      ,"254 W 47th St(40.759919, -73.986348)"
Russian Samovar Restaurant,2,4,Full Serve,Russian,256 W 52nd St,(212) 757-0168,,1,10019,40.763111,-73.984192,5,3,131,"1,024,821","1,010,230,059",Midtown-Midtown South                                                      ,"256 W 52nd St(40.763111, -73.984192)"
John's Pizzeria,2,3.5,Full Serve,Pizza,260 W 44th St,(212) 391-7560,www.johnpizzerianyc.com,1,10036,40.758124,-73.987897,5,3,119,"1,024,710","1,010,150,059",Midtown-Midtown South                                                      ,"260 W 44th St(40.758124, -73.987897)"
Just Pies Inc,2,4,Quick Serve,Dessert,260 W 44th St,2127217001,,1,10036,40.758124,-73.987897,5,3,119,"1,024,710","1,010,150,059",Midtown-Midtown South                                                      ,"260 W 44th St(40.758124, -73.987897)"
Sunrise Deli,1,3,Caf_ / Deli,N/A,1441 Broadway,2122216490,,1,10018,40.754707,-73.986753,5,3,113,"1,022,569","1,009,930,055",Midtown-Midtown South                                                      ,"1441 Broadway(40.754707, -73.986753)"
Restaurant Charlotte @ Millennium Broadway Hotel,2,3,Full Serve,American,145 W 44th St,212 789-7508,millenniumbroadway.com,1,10036,40.756667,-73.984396,5,4,119,"1,085,016","1,009,970,010",Midtown-Midtown South                                                      ,"145 W 44th St(40.756667, -73.984396)"
O'Lunney's Times Square Pub,2,4,Full Serve,American,145 W 45th St,212 840-6688,www.olunneys.com,1,10036,40.757336,-73.984017,5,4,119,"1,022,634","1,009,980,012",Midtown-Midtown South                                                      ,"145 W 45th St(40.757336, -73.984017)"
Vacant (Juan Valdez Coffee),1,4,Coffee,N/A,1451 Broadway,212 871-7515,,1,10036,40.755152,-73.986613,5,3,113,"1,086,069","1,009,940,001",Midtown-Midtown South                                                      ,"1451 Broadway(40.755152, -73.986613)"
Abondanza,1,3.5,Caf_ / Deli,N/A,146 W 46th St,(212) 938-1333,,1,10036,40.757948,-73.983598,5,4,119,"1,022,650","1,009,980,054",Midtown-Midtown South                                                      ,"146 W 46th St(40.757948, -73.983598)"
Dervish Turkish Restaurant,2,3.5,Full Serve,Turkish,146 W 47th St,212 997-0070,www.dervishrestaurant.com,1,10036,40.758579,-73.98315,5,4,125,"1,022,670","1,009,990,053",Midtown-Midtown South                                                      ,"146 W 47th St(40.758579, -73.98315)"
"Godiva Chocolatier, Inc.",2,4,Quick Serve,Dessert,1460 Broadway,(212) 840-6758,www.godiva.com,1,10036,40.754998,-73.986284,5,4,113,"1,022,573","1,009,947,504",Midtown-Midtown South                                                      ,"1460 Broadway(40.754998, -73.986284)"
Ranch 1,1,2.5,Quick Serve,Fast Food,141 W 41st St,,http://www.ranch1.com/,1,10036,40.754756,-73.985956,5,4,113,"1,022,574","1,009,940,016",Midtown-Midtown South                                                      ,"141 W 41st St(40.754756, -73.985956)"
Scotts Food Court,1,2.5,Quick Serve,American,141 W 41st St,2127681111,,1,10036,40.754756,-73.985956,5,4,113,"1,022,574","1,009,940,016",Midtown-Midtown South                                                      ,"141 W 41st St(40.754756, -73.985956)"
Tony's Di Napoli,2,4,Full Serve,Italian,147 W 43rd Str,(212) 221-0100,www.tonysnyc.com,1,10036,40.756022,-73.984808,5,4,119,"1,022,611","1,009,960,009",Midtown-Midtown South                                                      ,"147 W 43rd Str(40.756022, -73.984808)"
Bombay Masala Indian Restaurant,3,3,Full Serve,Indian,148 W 49th St,(212) 302-8150,www.bombaymasalany.com,1,10019,40.759847,-73.982294,5,4,125,"1,022,698","1,010,010,157",Midtown-Midtown South                                                      ,"148 W 49th St(40.759847, -73.982294)"
Vacant (former Caf_ Groppi),1,3.5,Caf_ / Deli,N/A,148 W 49th St,(212) 221-0082,,1,10019,40.759847,-73.982294,5,4,125,"1,022,698","1,010,010,157",Midtown-Midtown South                                                      ,"148 W 49th St(40.759847, -73.982294)"
Ruth's Chris Steak House,3,4,Full Serve,Steakhouse,148 W 51st St,212 245-9600,,1,10020,40.761357,-73.981969,5,4,131,"1,022,710","1,010,037,501",Midtown-Midtown South                                                      ,"148 W 51st St(40.761357, -73.981969)"
Rosie O'Grady's Steakhouse,2,4,Full Serve,Steakhouse,149 W 46th St,212 869-0600,www.rosieogradystimessquare.com,1,10036,40.757981,-73.983627,5,4,125,"1,022,664","1,009,990,011",Midtown-Midtown South                                                      ,"149 W 46th St(40.757981, -73.983627)"
Le Marais,3,3,Full Serve,French,150 W 46th St,(212) 869-0900,www.lemarais.net,1,10036,40.757984,-73.983677,5,4,119,"1,022,651","1,009,980,055",Midtown-Midtown South                                                      ,"150 W 46th St(40.757984, -73.983677)"
Langan's Bar & Restaurant,3,4,Full Serve,American,150 W 47th St,(212) 869-5482,www.langans.com,1,10036,40.758612,-73.983233,5,4,125,"1,022,671","1,009,990,054",Midtown-Midtown South                                                      ,"150 W 47th St(40.758612, -73.983233)"
Y & H Grocery,0,0,Caf_ / Deli,N/A,150 W 47th St,(212) 840-1659,,1,10036,40.758612,-73.983233,5,4,125,"1,022,671","1,009,990,054",Midtown-Midtown South                                                      ,"150 W 47th St(40.758612, -73.983233)"
Bella Napoli,2,3.5,Full Serve,Italian,150 W 49th St,(212) 719-2819,,1,10019,40.759867,-73.982334,5,4,125,"1,022,695","1,010,010,058",Midtown-Midtown South                                                      ,"150 W 49th St(40.759867, -73.982334)"
Osteria Al Doge,3,4,Full Serve,Italian,142 W 44th St,(212) 944-3643,www.osteria_doge.com,1,10036,40.756634,-73.984367,5,4,119,"1,022,620","1,009,960,051",Midtown-Midtown South                                                      ,"142 W 44th St(40.756634, -73.984367)"
St. Andrews Restaurant and Bar,2,3.5,Bar / Lounge,N/A,142 W 46th St,(212) 840-8413,www.standrewsnyc.com,1,10036,40.757915,-73.983519,5,4,119,"1,022,659","1,009,980,152",Midtown-Midtown South                                                      ,"142 W 46th St(40.757915, -73.983519)"
Pasta Lovers Trattoria,2,3.5,Full Serve,Italian,142 W 49th St,212 819-1155,www.pastaloversnyc.com,1,10019,40.759798,-73.982172,5,4,125,"1,022,694","1,010,010,055",Midtown-Midtown South                                                      ,"142 W 49th St(40.759798, -73.982172)"
John's Shanghai,2,4,Full Serve,Chinese,144 W 46th St,(212) 869-9183,,1,10036,40.757932,-73.983558,5,4,119,"1,022,649","1,009,980,053",Midtown-Midtown South                                                      ,"144 W 46th St(40.757932, -73.983558)"
Starbucks,1,2.5,Coffee,N/A,1460 Broadway,2122217515,www.starbucks.com,1,10036,40.754998,-73.986284,5,4,113,"1,022,573","1,009,947,504",Midtown-Midtown South                                                      ,"1460 Broadway(40.754998, -73.986284)"
Virgils Real Barbecue,2,3.5,Full Serve,Barbecue,152 W 44th St,(212) 921-9494,www.virgilsbbq.com,1,10036,40.756716,-73.984558,5,4,119,"1,022,621","1,009,960,054",Midtown-Midtown South                                                      ,"152 W 44th St(40.756716, -73.984558)"
Iroha,2,3.5,Full Serve,Japanese,152 W 49th St,212 398-9049,,1,10019,40.759883,-73.982374,5,4,125,"1,022,696","1,010,010,059",Midtown-Midtown South                                                      ,"152 W 49th St(40.759883, -73.982374)"
Sapporo,2,3.5,Full Serve,Japanese,152 W 49th St,212 869-8972,,1,10019,40.759883,-73.982374,5,4,125,"1,022,696","1,010,010,059",Midtown-Midtown South                                                      ,"152 W 49th St(40.759883, -73.982374)"
Europa Cafe,2,3,Caf_ / Deli,N/A,152 W 51st St,(212) 581-0152,www.euorpacafe.com,1,10019,40.761439,-73.982168,5,4,131,"1,022,710","1,010,037,501",Midtown-Midtown South                                                      ,"152 W 51st St(40.761439, -73.982168)"
Bar Americain,3,3.5,Full Serve,American,152 W 52nd St,(212) 265-9700,www.baramerican.com,1,10019,40.762005,-73.981568,5,4,131,"1,023,157","1,010,040,020",Midtown-Midtown South                                                      ,"152 W 52nd St(40.762005, -73.981568)"
Ruby's Diner,2,4,Full Serve,Diner,234 W 42nd St,,www.rubys.com,1,10036,40.756747,-73.988659,5,3,113,"1,024,665","1,010,130,012",Midtown-Midtown South                                                      ,"234 W 42nd St(40.756747, -73.988659)"
Virtigo Cafe Llc,2,2,Caf_ / Deli,N/A,234 W 42nd St,2122219454,,1,10036,40.756747,-73.988659,5,3,113,"1,024,665","1,010,130,012",Midtown-Midtown South                                                      ,"234 W 42nd St(40.756747, -73.988659)"
Aoki,2,3.5,Full Serve,Japanese,234 W 48th St,(212) 956-2355 ,aokinyc.com,1,10036,40.760454,-73.985655,5,3,125,"1,024,764","1,010,190,055",Midtown-Midtown South                                                      ,"234 W 48th St(40.760454, -73.985655)"
Saigon 48,2,3,Full Serve,Vietnamese,234 W 48th St,(212) 247-8669,,1,10036,40.760454,-73.985655,5,3,125,"1,024,764","1,010,190,055",Midtown-Midtown South                                                      ,"234 W 48th St(40.760454, -73.985655)"
Inakaya,3,3.5,Full Serve,Japanese,620 Eighth Ave,(212) 354-2130,,1,10018,40.756039,-73.990651,5,3,113,"1,087,186","1,010,127,501",Midtown-Midtown South                                                      ,"620 Eighth Ave(40.756039, -73.990651)"
Schnipper's Quality Kitchen,2,3.5,Full Serve,American,620 Eighth Ave,(212) 921-2400,http://www.schnippers.com/,1,10018,40.756039,-73.990651,5,3,113,"1,087,186","1,010,127,501",Midtown-Midtown South                                                      ,"620 Eighth Ave(40.756039, -73.990651)"
McDonald's,1,2,Quick Serve,Fast Food,1651 Broadway,2125865530,,1,10019,40.762164,-73.983575,5,3,131,"1,024,817","1,010,230,018",Midtown-Midtown South                                                      ,"1651 Broadway(40.762164, -73.983575)"
Starbucks,1,2.5,Coffee,N/A,1530 Broadway,(212) 391-2079,www.starbucks.com,1,10036,40.757674,-73.985121,5,4,119,"1,022,624","1,009,970,001",Midtown-Midtown South                                                      ,"1530 Broadway(40.757674, -73.985121)"
Sardi's Restaurant,3,3.5,Full Serve,American,234-236 W 44th St,(212) 221-8440,www.sardis.com,1,10036,40.757921,-73.987421,5,3,119,"1,024,707","1,010,150,049",Midtown-Midtown South                                                      ,"234-236 W 44th St(40.757921, -73.987421)"
Dean & Deluca,3,4,Caf_ / Deli,N/A,560 Broadway,(212) 869-6890,www.deandeluca.com,1,10012,40.723909,-73.998048,2,1,43,"1,007,567","1,004,970,018",SoHo-TriBeCa-Civic Center-Little Italy                                     ,"560 Broadway(40.723909, -73.998048)"
Library Bar,3,3.5,Full Serve,American,235 W 46th St,(212) 827-4183,,1,10036,40.759132,-73.986348,5,3,125,"1,024,737","1,010,180,006",Midtown-Midtown South                                                      ,"235 W 46th St(40.759132, -73.986348)"
La Rivista Ristorante,3,3,Full Serve,Italian,313 W 46th St,212-245-1707,www.larivistanyc.com,1,10036,40.760082,-73.98859,4,3,127,"1,025,051","1,010,370,025",Clinton                                                                    ,"313 W 46th St(40.760082, -73.98859)"
Broadway Joe Steakhouse,3,2.5,Full Serve,Steakhouse,315 W 46th St,(212) 246-6513,broadwayjoesteakhouse.com,1,10036,40.760098,-73.988629,4,3,127,"1,075,688","1,010,370,024",Clinton                                                                    ,"315 W 46th St(40.760098, -73.988629)"
Bistecca Fiorentina,3,4,Full Serve,Steakhouse,317 W 46th St,(212) 258-3232,www.bisteccafiorentinanyc.com,1,10036,40.760114,-73.988669,4,3,127,"1,078,871","1,010,370,023",Clinton                                                                    ,"317 W 46th St(40.760114, -73.988669)"
Gourmet New York,2,2.5,Caf_ / Deli,N/A,680 Eighth Ave,,,1,10036,40.757998,-73.989218,5,3,119,"1,024,703","1,010,150,001",Midtown-Midtown South                                                      ,"680 Eighth Ave(40.757998, -73.989218)"
Port Gourmet Deli,1,2.5,Caf_ / Deli,N/A,681 Eighth Ave,(212) 245-3168,,1,10036,40.758007,-73.98924,4,3,121,"1,024,967","1,010,340,029",Clinton                                                                    ,"681 Eighth Ave(40.758007, -73.98924)"
McDonald's,1,2,Quick Serve,Fast Food,220 W 42nd St,2122217664,www.mcdonalds.com,1,10036,40.756412,-73.987858,5,3,113,"1,024,663","1,010,130,042",Midtown-Midtown South                                                      ,"220 W 42nd St(40.756412, -73.987858)"
McDonald's,1,2,Quick Serve,Fast Food,688 Eighth Ave,2122213941,,1,10036,40.758218,-73.989059,5,3,119,"1,024,704","1,010,150,004",Midtown-Midtown South                                                      ,"688 Eighth Ave(40.758218, -73.989059)"
Robert Emmett's Bar & Restaurant,2,2.5,Full Serve,American,694 Eighth Ave,(212) 302-9999,www.robertemmetts.com,1,10036,40.758383,-73.98894,5,3,119,"1,078,853","1,010,150,061",Midtown-Midtown South                                                      ,"694 Eighth Ave(40.758383, -73.98894)"
"1657 Broadway Deli, Ltd.",2,2.5,Caf_ / Deli,N/A,1651-1665 Broadway,2129560099,,1,10019,40.762164,-73.983575,5,3,131,"1,024,817","1,010,230,018",Midtown-Midtown South                                                      ,"1651-1665 Broadway(40.762164, -73.983575)"
Hard Rock Cafe,2,3,Full Serve,American,1501 Broadway,2123433355,www.hardrockcafe.com,1,10036,40.757103,-73.986193,5,3,119,"1,024,706","1,010,150,029",Midtown-Midtown South                                                      ,"1501 Broadway(40.757103, -73.986193)"
Planet Hollywood,2,3,Full Serve,American,1540 Broadway,(212) 333-7827,www.planethollywoodintl.com,1,10036,40.757847,-73.985009,5,4,119,"1,076,844","1,009,987,501",Midtown-Midtown South                                                      ,"1540 Broadway(40.757847, -73.985009)"
B. Smith's Restaurant Row,3,3,Full Serve,American,320 W 46th St,(212) 315-1100,www.bsmith.com,1,10036,40.760136,-73.988759,4,3,121,"1,025,014","1,010,360,041",Clinton                                                                    ,"320 W 46th St(40.760136, -73.988759)"
Orso,3,4,Full Serve,Italian,322 W 46th St,212-489-7212,www.orsorestaurant.com,1,10036,40.760153,-73.988803,4,3,121,"1,025,032","1,010,360,142",Clinton                                                                    ,"322 W 46th St(40.760153, -73.988803)"
Joe Allen,2,4,Full Serve,American,326 W 46th St,(212) 581-6464,www.joeallenrestaurant.com,1,10036,40.760186,-73.988882,4,3,121,"1,025,016","1,010,360,044",Clinton                                                                    ,"326 W 46th St(40.760186, -73.988882)"
O'Flaherty's Ale House & Restaurant,2,3,Full Serve,American,334 W 46th St,(212) 581-9366,www.oflahertynyc.com,1,10036,40.760254,-73.989045,4,3,121,"1,025,018","1,010,360,047",Clinton                                                                    ,"334 W 46th St(40.760254, -73.989045)"
Sangria 46,2,3.5,Full Serve,Spanish,338 W 46th St,212-581-8482,www.sangria46.com,1,10036,40.76029,-73.989124,4,3,121,"1,082,452","1,010,360,149",Clinton                                                                    ,"338 W 46th St(40.76029, -73.989124)"
Le Rivage,3,3.5,Full Serve,French,340 W 46th St,(212) 765-7374,www.lerivagenyc.com,1,10036,40.760307,-73.989167,4,3,121,"1,025,020","1,010,360,049",Clinton                                                                    ,"340 W 46th St(40.760307, -73.989167)"
Da Rosina Ristorante Italiano,2,3,Full Serve,Italian,342 W 46th St,(212) 977-7373,www.darosina.com,1,10036,40.760323,-73.989207,4,3,121,"1,025,021","1,010,360,050",Clinton                                                                    ,"342 W 46th St(40.760323, -73.989207)"
EZ Deli and NY Nail Land,1,4,Caf_ / Deli,N/A,1625 Broadway,(212) 333-5650,,1,10019,40.761223,-73.984207,5,3,125,"1,024,801","1,010,210,043",Midtown-Midtown South                                                      ,"1625 Broadway(40.761223, -73.984207)"
Dunkin' Donuts,1,3.5,Coffee,N/A,210 W 50th St,(212) 757-4617,,1,10019,40.76156,-73.984395,5,3,125,"1,024,802","1,010,210,045",Midtown-Midtown South                                                      ,"210 W 50th St(40.76156, -73.984395)"
Famous Famiglia Pizzeria,1,3.5,Quick Serve,Pizza,1630 Broadway,(212) 333-4646,www.famousfamiglia.com,1,10019,40.761327,-73.984106,5,4,125,"1,024,799","1,010,210,037",Midtown-Midtown South                                                      ,"1630 Broadway(40.761327, -73.984106)"
Italia Mia Pizza,2,3.5,Full Serve,Pizza,1674 Broadway,(212) 265-1414,,1,10019,40.762861,-73.983109,5,4,131,"1,024,831","1,010,240,131",Midtown-Midtown South                                                      ,"1674 Broadway(40.762861, -73.983109)"
Club House Caf_,2,3.5,Full Serve,Spanish,155 W 46th St,(212) 354-3838,,1,10036,40.758031,-73.983746,5,4,125,"1,022,662","1,009,990,008",Midtown-Midtown South                                                      ,"155 W 46th St(40.758031, -73.983746)"
Le Marais,3,3,Full Serve,American,155 W 46th St,2128690900,www.lemarais.net,1,10036,40.758031,-73.983746,5,4,125,"1,022,662","1,009,990,008",Midtown-Midtown South                                                      ,"155 W 46th St(40.758031, -73.983746)"
TGI Friday's,2,2,Full Serve,American,1552 Broadway,2129447352,www.fridays.com,1,10036,40.758665,-73.984977,5,4,125,"1,022,660","1,009,990,001",Midtown-Midtown South                                                      ,"1552 Broadway(40.758665, -73.984977)"
Meson Sevilla Ristorante,2,3.5,Full Serve,Spanish,344 W 46th St,(212) 262-5890,mesonsevilla.com,1,10036,40.760342,-73.989247,4,3,121,"1,025,022","1,010,360,051",Clinton                                                                    ,"344 W 46th St(40.760342, -73.989247)"
Danny's Grand Sea Palace,2,4,Full Serve,Seafood,346 W 46th St,(212) 265-8130,,1,10036,40.760359,-73.989286,4,3,121,"1,080,885","1,010,360,052",Clinton                                                                    ,"346 W 46th St(40.760359, -73.989286)"
Sushi of Gari,4,4,Full Serve,Japanese,347 W 46th St,(212) 957-0046,www.sushiofgari.com,1,10036,40.760373,-73.989276,4,3,127,"1,025,048","1,010,370,012",Clinton                                                                    ,"347 W 46th St(40.760373, -73.989276)"
Swing 46 Jazz and Supper Club,3,3.5,Full Serve,American,349 W 46th St,(212) 262-9554,www.swing46.com,1,10036,40.760392,-73.989315,4,3,127,"1,025,047","1,010,370,010",Clinton                                                                    ,"349 W 46th St(40.760392, -73.989315)"
Bourbon Street Bar & Grille,2,3.5,Full Serve,Cajun,346 W 46th St,(212) 245-2030,www.bourbonny.com,1,10036,40.760359,-73.989286,4,3,121,"1,080,885","1,010,360,052",Clinton                                                                    ,"346 W 46th St(40.760359, -73.989286)"
Ocha Sushi,2,3.5,Full Serve,Japanese,350 W 46th St,2125813198,,1,10036,40.760395,-73.989369,4,3,121,"1,025,023","1,010,360,053",Clinton                                                                    ,"350 W 46th St(40.760395, -73.989369)"
Becco,3,3.5,Full Serve,Italian,355 W 46th St,(212) 397-7597,www.becconyc.com,1,10036,40.760441,-73.989438,4,3,127,"1,025,046","1,010,370,009",Clinton                                                                    ,"355 W 46th St(40.760441, -73.989438)"
Capri Ristorante - CLOSED,2,3,Full Serve,Italian,358 W 46th St,212 582-5850,http://www.capri46.com,1,10036,40.760463,-73.989528,4,3,121,"1,025,025","1,010,360,057",Clinton                                                                    ,"358 W 46th St(40.760463, -73.989528)"
Paramount Cafe,2,3.5,Caf_ / Deli,N/A,"1501 Broadway, Suite# 2009",2123916675,,1,10036,40.757103,-73.986193,5,3,119,"1,024,706","1,010,150,029",Midtown-Midtown South                                                      ,"1501 Broadway, Suite# 2009(40.757103, -73.986193)"
Viva Pancho,2,3,Full Serve,Mexican,156 W 44th St,(212) 944-9747,,1,10036,40.756746,-73.984634,5,4,119,"1,022,622","1,009,960,056",Midtown-Midtown South                                                      ,"156 W 44th St(40.756746, -73.984634)"
Lattanzi Restaurant,3,4,Full Serve,Italian,359 W 46th St,(212) 315-0980,www.lattanzinyc.com,1,10036,40.760477,-73.989521,4,3,127,"1,025,044","1,010,370,007",Clinton                                                                    ,"359 W 46th St(40.760477, -73.989521)"
"Aramark Services, Inc.",0,0,Catering,N/A,230 W 41st St,,,1,10036,40.755802,-73.988482,5,3,113,"1,080,830","1,010,120,015",Midtown-Midtown South                                                      ,"230 W 41st St(40.755802, -73.988482)"
City Chow,2,2,Caf_ / Deli,N/A,1633 Broadway,(212) 445-0600,www.blueradishgroup.com,1,10019,40.761574,-73.983962,5,3,131,"1,024,812","1,010,220,043",Midtown-Midtown South                                                      ,"1633 Broadway(40.761574, -73.983962)"
Cosi,1,3.5,Caf_ / Deli,N/A,1633 Broadway,2123972674,www.cosiny.com,1,10019,40.761574,-73.983962,5,3,131,"1,024,812","1,010,220,043",Midtown-Midtown South                                                      ,"1633 Broadway(40.761574, -73.983962)"
Mars 2112,2,2,Full Serve,American,"1633 Broadway, Suite# B",2125822112,www.mars2112.com,1,10019,40.761574,-73.983962,5,3,131,"1,024,812","1,010,220,043",Midtown-Midtown South                                                      ,"1633 Broadway, Suite# B(40.761574, -73.983962)"
Bangkok House,2,3.5,Full Serve,Thai,360 W 46th St,(212) 541-5943,www.bangkokhouseny.com,1,10036,40.76048,-73.989571,4,3,121,"1,025,033","1,010,360,157",Clinton                                                                    ,"360 W 46th St(40.76048, -73.989571)"
The House of Brews,2,4,Full Serve,American,363 W 46th St,(212) 245-0551,www.HouseOfBrews.com,1,10036,40.76051,-73.9896,4,3,127,"1,025,043","1,010,370,006",Clinton                                                                    ,"363 W 46th St(40.76051, -73.9896)"
Tramonti,2,4,Full Serve,Italian,364 W 46th St,(212) 974-7464,,1,10036,40.760513,-73.989651,4,3,121,"1,025,027","1,010,360,059",Clinton                                                                    ,"364 W 46th St(40.760513, -73.989651)"
Firebird Restaurant,4,3,Full Serve,Russian,365 W. 46th Street,(212) 586-0244,firebirdrestaurant.com,1,10036,40.760529,-73.98964,4,3,127,"1,025,080","1,010,370,105",Clinton                                                                    ,"365 W. 46th Street(40.760529, -73.98964)"
Joshua Tree - CLOSED,2,3,Full Serve,American,368 W 46th St,(212) 489-1920,http://www.joshuatreebarnyc.com/,1,10036,40.760548,-73.989734,4,3,121,"1,025,028","1,010,360,060",Clinton                                                                    ,"368 W 46th St(40.760548, -73.989734)"
McDonald's,1,2,Quick Serve,Fast Food,"1560 Broadway, Suite# 1651",2129218900,www.mcdonalds.com,1,10036,40.75886,-73.984843,5,4,125,"1,022,661","1,009,990,003",Midtown-Midtown South                                                      ,"1560 Broadway, Suite# 1651(40.75886, -73.984843)"
Ritz Bar & Lounge,2,3.5,Bar / Lounge,N/A,369 W 46th St,(212) 977-3884,,1,10036,40.760562,-73.989723,4,3,127,"1,025,079","1,010,370,103",Clinton                                                                    ,"369 W 46th St(40.760562, -73.989723)"
Deacon Brodie's Tavern,2,4,Bar / Lounge,N/A,370 W 46th St,(212) 262-1452,,1,10036,40.760565,-73.989774,4,3,121,"1,025,035","1,010,360,161",Clinton                                                                    ,"370 W 46th St(40.760565, -73.989774)"
Pomaire,3,3.5,Full Serve,Chilean,371 W 46th St,(212) 956-3055,www.pomairenyc.com,1,10036,40.760578,-73.989763,4,3,127,"1,025,078","1,010,370,102",Clinton                                                                    ,"371 W 46th St(40.760578, -73.989763)"
Red Lobster,2,3,Full Serve,Seafood,5 Times Sq,2127306706,www.redlobster.com,1,10036,40.755709,-73.987208,5,3,113,"1,024,656","1,010,130,029",Midtown-Midtown South                                                      ,"5 Times Sq(40.755709, -73.987208)"
Pig 'N' Whistle,2,3.5,Full Serve,American,"165 W 47th Ststore front",(212) 302-0112,www.pignwhistlets.com,1,10036,40.758744,-73.983504,5,4,125,"1,083,718","1,010,000,001",Midtown-Midtown South                                                      ,"165 W 47th St store front(40.758744, -73.983504)"
Roxy Deli,2,2.5,Caf_ / Deli,N/A,1565 Broadway,212-921-3333,www.roxydeli.com,1,10036,40.759192,-73.985186,5,3,125,"1,024,749","1,010,180,139",Midtown-Midtown South                                                      ,"1565 Broadway(40.759192, -73.985186)"
Blue Fin,3,3.5,Full Serve,Seafood,"W Times Square1567 Broadway",(212) 918-1400,www.brguestrestaurants.com,1,10036,40.756582,-73.989637,5,3,113,"1,000,000","1,009,950,001",Midtown-Midtown South                                                      ,"W Times Square 1567 Broadway(40.756582, -73.989637)"
The Whiskey,3,2.5,Bar / Lounge,N/A,1567 Broadway,2129307444,www.midnightoilbars.com,1,10036,40.759247,-73.985168,5,3,125,"1,024,742","1,010,187,501",Midtown-Midtown South                                                      ,"1567 Broadway(40.759247, -73.985168)"
Aspen Social Club,3,3.5,Full Serve,American,157 W 47th St,(212) 221-7200 ,http://www.aspensocialclub.com/,1,10036,40.758678,-73.983342,5,4,125,"1,022,676","1,010,000,007",Midtown-Midtown South                                                      ,"157 W 47th St(40.758678, -73.983342)"
Times Deli Caf_,2,2.5,Caf_ / Deli,N/A,158 W 44th St,212 944-1234,,1,10036,40.756763,-73.98467,5,4,119,"1,022,623","1,009,960,156",Midtown-Midtown South                                                      ,"158 W 44th St(40.756763, -73.98467)"
Starbucks,1,2.5,Coffee,N/A,1585 Broadway,2125417515,www.starbucks.com,1,10036,40.760216,-73.985334,5,3,125,"1,076,193","1,010,197,502",Midtown-Midtown South                                                      ,"1585 Broadway(40.760216, -73.985334)"
vacant (former starbucks),1,2,Coffee,N/A,1600 Broadway,2122451936,www.starbucks.com,1,10019,40.76035,-73.984713,5,4,125,"1,087,187","1,010,207,502",Midtown-Midtown South                                                      ,"1600 Broadway(40.76035, -73.984713)"
Spotlight Times Square,3,3,Full Serve,American,1604-1610 Broadway,2129776773,,1,10019,40.760487,-73.984648,5,4,125,"1,024,779","1,010,200,038",Midtown-Midtown South                                                      ,"1604-1610 Broadway(40.760487, -73.984648)"
San Leone,1,3.5,Full Serve,Italian,1674 Broadway,(212) 265-1414,,1,10019,40.762861,-73.983109,5,4,131,"1,024,831","1,010,240,131",Midtown-Midtown South                                                      ,"1674 Broadway(40.762861, -73.983109)"
Ellen's Stardust Diner,2,3.5,Full Serve,American,1650 Broadway,(212) 956-5151,www.ellensstardustdiner.com,1,10019,40.761964,-73.983684,5,4,131,"1,024,811","1,010,220,035",Midtown-Midtown South                                                      ,"1650 Broadway(40.761964, -73.983684)"
New York Bagel Company,2,4,Caf_ / Deli,N/A,1674 Broadway,2123977720,www.networkbeyond.com,1,10019,40.762861,-73.983109,5,4,131,"1,024,831","1,010,240,131",Midtown-Midtown South                                                      ,"1674 Broadway(40.762861, -73.983109)"
Crumbs,2,3.5,Quick Serve,Dessert,1675 Broadway,2127949800,http://crumbs.com/,1,10019,40.762963,-73.983073,5,3,131,"1,076,199","1,010,240,015",Midtown-Midtown South                                                      ,"1675 Broadway(40.762963, -73.983073)"
Olive Garden Italian Restaurant,2,3,Full Serve,Italian,2 Times Sq,2123333254,www.olivegarden.com,1,10036,40.75931,-73.984857,5,4,125,"1,024,757","1,010,197,501",Midtown-Midtown South                                                      ,"2 Times Sq(40.75931, -73.984857)"
Playwright Bar And Restaurant,2,3.5,Full Serve,American,202 W 49th St,(212) 262-9263,www.playwrighttavern.com,1,10019,40.760559,-73.983991,5,4,125,"1,024,786","1,010,200,136",Midtown-Midtown South                                                      ,"202 W 49th St(40.760559, -73.983991)"
Dean & Deluca,3,4,Caf_ / Deli,N/A,620 Eighth Ave,2122210308,www.deandeluca.com,1,10018,40.756039,-73.990651,5,3,113,"1,087,186","1,010,127,501",Midtown-Midtown South                                                      ,"620 Eighth Ave(40.756039, -73.990651)"
Subway,1,2,Quick Serve,Fast Food,214 W 50th St,2122651822,,1,10019,40.761585,-73.984456,5,3,125,"1,024,803","1,010,210,048",Midtown-Midtown South                                                      ,"214 W 50th St(40.761585, -73.984456)"
Europa Caf_,2,3,Caf_ / Deli,N/A,218 W 42nd St,(212) 664-1820 x14,,1,10036,40.756382,-73.987789,5,3,113,"1,024,662","1,010,130,041",Midtown-Midtown South                                                      ,"218 W 42nd St(40.756382, -73.987789)"
Uncle A's Mini Mart,1,3,Caf_ / Deli,N/A,220 W 41st St,(212) 921-7185,,1,10036,40.755717,-73.98828,5,3,113,"1,080,831","1,010,120,042",Midtown-Midtown South                                                      ,"220 W 41st St(40.755717, -73.98828)"
The Alicart Restaurant Group,0,0,Catering,N/A,1501 Broadway,2126759790,http://www.alicart.com/,1,10036,40.757103,-73.986193,5,3,119,"1,024,706","1,010,150,029",Midtown-Midtown South                                                      ,"1501 Broadway(40.757103, -73.986193)"
Da Marino,3,4,Full Serve,Italian,220 W 49th St,(212) 541-6601,,1,10019,40.760987,-73.984987,5,3,125,"1,024,781","1,010,200,049",Midtown-Midtown South                                                      ,"220 W 49th St(40.760987, -73.984987)"
Danny's Deli,1,2.5,Full Serve,Italian,224 W 47th St,(212) 921-1200,,1,10036,40.759697,-73.985818,5,3,125,"1,024,743","1,010,180,044",Midtown-Midtown South                                                      ,"224 W 47th St(40.759697, -73.985818)"
Lp Food & Beverage Inc/Oceo,0,0,Catering,N/A,224 W 49th St,2122626236,www.oceo.com,1,10019,40.761014,-73.985052,5,3,125,"1,024,782","1,010,200,051",Midtown-Midtown South                                                      ,"224 W 49th St(40.761014, -73.985052)"
Oceo,2,2,Full Serve,Afghan,224 West 49th Street,212 262-6236,,1,10019,40.761014,-73.985052,5,3,125,"1,024,782","1,010,200,051",Midtown-Midtown South                                                      ,"224 West 49th Street(40.761014, -73.985052)"
Serafina @ Time Hotel,3,3,Full Serve,Italian,224 W 49th St,212,,1,10019,40.761014,-73.985052,5,3,125,"1,024,782","1,010,200,051",Midtown-Midtown South                                                      ,"224 W 49th St(40.761014, -73.985052)"
Gallagher's Steak House,3,4,Full Serve,Steakhouse,228 W. 52nd Street,(212) 245-5336,www.gallaghersnysteakhouse.com,1,10019,40.762911,-73.98372,5,3,131,"1,024,819","1,010,230,048",Midtown-Midtown South                                                      ,"228 W. 52nd Street(40.762911, -73.98372)"
Carmine's,2,4,Full Serve,Italian,200 W 44th St,(212) 221-3800,www.carminesnyc.com,1,10036,40.757405,-73.98619,5,3,119,"1,024,706","1,010,150,029",Midtown-Midtown South                                                      ,"200 W 44th St(40.757405, -73.98619)"
Carvel,2,0,Quick Serve,Dessert,1501 Broadway,212 391-6675,,1,10036,40.757103,-73.986193,5,3,119,"1,024,706","1,010,150,029",Midtown-Midtown South                                                      ,"1501 Broadway(40.757103, -73.986193)"
Coldstone Creamery,2,3,Quick Serve,Dessert,"1501 Broadway, Suite 1604",(212) 398-1882,www.coldstonecreamery.com,1,10036,40.757103,-73.986193,5,3,119,"1,024,706","1,010,150,029",Midtown-Midtown South                                                      ,"1501 Broadway, Suite 1604(40.757103, -73.986193)"
Havana Central,2,3.5,Full Serve,Cuban,151 West 46th Street,2123987440,www.havanacentral.com,1,10036,40.757998,-73.983667,5,4,125,"1,022,663","1,009,990,009",Midtown-Midtown South                                                      ,"151 West 46th Street(40.757998, -73.983667)"
Domino's Pizza,2,2,Quick Serve,Pizza,230 W 41st St,2129440400,,1,10036,40.755802,-73.988482,5,3,113,"1,080,830","1,010,120,015",Midtown-Midtown South                                                      ,"230 W 41st St(40.755802, -73.988482)"
Hurley's Steak and Seafood,2,3.5,Full Serve,Steakhouse,232 W 48th St,(212) 765-8981,,1,10036,40.760441,-73.985622,5,3,125,"1,024,770","1,010,190,054",Midtown-Midtown South                                                      ,"232 W 48th St(40.760441, -73.985622)"
Pinnacle Bar,2,2.5,Full Serve,American,"234 W 42nd St25th Floor",212-642-2607,www1.hilton.com/en_US/hi/hotel/NYCTSHF-Hilton-Times-Square-New-York/dining.do,1,10036,40.756747,-73.988659,5,3,113,"1,024,665","1,010,130,012",Midtown-Midtown South                                                      ,"234 W 42nd St 25th Floor(40.756747, -73.988659)"
Applebee's Neighborhood Grill and Bar,2,2.5,Full Serve,American,234 W 42nd St,914-777-2331 Ext.116,www.ApplebeesNY.com,1,10036,40.756747,-73.988659,5,3,113,"1,024,665","1,010,130,012",Midtown-Midtown South                                                      ,"234 W 42nd St(40.756747, -73.988659)"
Chock full o' Nuts Cafe,1,3.5,Caf_ / Deli,N/A,234 W 42nd St,2127645969,www.chockfullonuts.com,1,10036,40.756747,-73.988659,5,3,113,"1,024,665","1,010,130,012",Midtown-Midtown South                                                      ,"234 W 42nd St(40.756747, -73.988659)"
Juniors Restaurant,2,4,Full Serve,American,1515 Broadway,212-302-2000,www.juniorscheescake.com,1,10036,40.757636,-73.985804,5,3,119,"1,024,714","1,010,160,036",Midtown-Midtown South                                                      ,"1515 Broadway(40.757636, -73.985804)"
Dippin' Dots,1,2.5,Quick Serve,Dessert,234 W 42nd St,,www.dippindots.com,1,10036,40.756747,-73.988659,5,3,113,"1,024,665","1,010,130,012",Midtown-Midtown South                                                      ,"234 W 42nd St(40.756747, -73.988659)"
Manchu WOK,1,1.5,Quick Serve,Chinese,234 W 42nd St,,www.manchuwok.com,1,10036,40.756747,-73.988659,5,3,113,"1,024,665","1,010,130,012",Midtown-Midtown South                                                      ,"234 W 42nd St(40.756747, -73.988659)"
Ranch 1,1,2.5,Quick Serve,Fast Food,234 W 42nd St,,,1,10036,40.756747,-73.988659,5,3,113,"1,024,665","1,010,130,012",Midtown-Midtown South                                                      ,"234 W 42nd St(40.756747, -73.988659)"
EASY INTERNET CAFE TIME SQUARE LLC,1,3,Caf_ / Deli,N/A,258 W 42nd St,,,1,10036,40.756895,-73.989009,5,3,113,"1,024,669","1,010,130,057",Midtown-Midtown South                                                      ,"258 W 42nd St(40.756895, -73.989009)"
Howard Johnson's Cafe',2,1.5,Caf_ / Deli,N/A,1551-1553 Broadway,,,1,10036,40.758805,-73.985312,5,3,125,"1,083,727","1,010,180,026",Midtown-Midtown South                                                      ,"1551-1553 Broadway(40.758805, -73.985312)"
Bar 10,3,2.5,Bar / Lounge,N/A,270 W 43rd St,(212) 201-2764,www.westinny.com,1,10036,40.757482,-73.988309,5,3,119,"1,087,141","1,010,140,058",Midtown-Midtown South                                                      ,"270 W 43rd St(40.757482, -73.988309)"
Dale & Thomas Popcorn,2,4,Quick Serve,N/A,1592 Broadway,(212) 581-1872,www.daleandthomas.com,1,10036,40.759963,-73.984883,5,4,125,"1,024,757","1,010,197,501",Midtown-Midtown South                                                      ,"1592 Broadway(40.759963, -73.984883)"
Encore Restaurant @ Marriott Marquis,2,2.5,Full Serve,American,"1535 Broadway5th Floor",(212) 704-8849,www.NYMarriottMarquis.com,1,10036,40.758267,-73.985468,5,3,119,"1,024,727","1,010,170,029",Midtown-Midtown South                                                      ,"1535 Broadway 5th Floor(40.758267, -73.985468)"
Crown Deli,2,2.5,Full Serve,Italian,1678 Broadway,(212) 265-1414,,1,10019,40.762977,-73.983041,5,4,131,"1,024,831","1,010,240,131",Midtown-Midtown South                                                      ,"1678 Broadway(40.762977, -73.983041)"
The Two Times Square Restaurant,2,4,Full Serve,American,714 Seventh Ave,(212) 261-5200,www.twotimessquarerestaurant.com,1,10036,40.759581,-73.984366,5,4,125,"1,024,757","1,010,197,501",Midtown-Midtown South                                                      ,"714 Seventh Ave(40.759581, -73.984366)"
The View Restaurant & Lounge @ Marriott Marquis,4,3,Full Serve,American,"1535 Broadway48th Floor",(212) 704-8849,www.NYMarriottMarquis.com,1,10036,40.758267,-73.985468,5,3,119,"1,024,727","1,010,170,029",Midtown-Midtown South                                                      ,"1535 Broadway 48th Floor(40.758267, -73.985468)"
Applebee's,2,2.5,Full Serve,American,205 W 50th St,(212) 262-4022,www.applebeesny.com,1,10019,40.761382,-73.983926,5,4,131,"1,024,810","1,010,220,026",Midtown-Midtown South                                                      ,"205 W 50th St(40.761382, -73.983926)"
Social Bar NYC & Latitude Bar Grill,2,3.5,Full Serve,American,795 Eighth Avenue,(212) 459-0643,www.manhattan.crowneplaza.com,1,10019,40.761212,-73.9869,4,3,127,"1,025,142","1,010,390,030",Clinton                                                                    ,"795 Eighth Avenue(40.761212, -73.9869)"
The Long Room,2,3.5,Bar / Lounge,N/A,120 West 44th St.,(212) 997-3933,www.thelongroomnyc.com,1,10036,40.756461,-73.983952,5,4,119,"1,022,616","1,009,960,043",Midtown-Midtown South                                                      ,"120 West 44th St.(40.756461, -73.983952)"
Scott Alling-Convivial Catering,0,0,Catering,N/A,130 W 42nd St,,,1,10036,40.755278,-73.985172,5,4,113,"1,022,577","1,009,940,045",Midtown-Midtown South                                                      ,"130 W 42nd St(40.755278, -73.985172)"
Gingers Restaurant,2,3,Full Serve,American,1568 Broadway,(212) 403-6371,www.nyc.doubletreehotels.com,1,10036,40.759055,-73.98471,5,4,125,"1,000,000","1,009,990,061",Midtown-Midtown South                                                      ,"1568 Broadway(40.759055, -73.98471)"
Scott Alliang-Demonstration Room,0,0,Catering,N/A,130 W 42nd St,,,1,10036,40.755278,-73.985172,5,4,113,"1,022,577","1,009,940,045",Midtown-Midtown South                                                      ,"130 W 42nd St(40.755278, -73.985172)"
Blockheads,2,3.5,Full Serve,Mexican,825 Eighth Ave,,,1,10019,40.762074,-73.986275,4,3,127,"1,076,203","1,010,400,029",Clinton                                                                    ,"825 Eighth Ave(40.762074, -73.986275)"
David's Potbelly Stove Cafe,2,3,Caf_ / Deli,N/A,1501 Broadway,(212) 626-9000,,1,10036,40.757103,-73.986193,5,3,119,"1,024,706","1,010,150,029",Midtown-Midtown South                                                      ,"1501 Broadway(40.757103, -73.986193)"
Time Square Deli,1,4,Caf_ / Deli,N/A,1501 Broadway,(212) 840-7983,,1,10036,40.757103,-73.986193,5,3,119,"1,024,706","1,010,150,029",Midtown-Midtown South                                                      ,"1501 Broadway(40.757103, -73.986193)"
Baja Fresh Mexican Grill,2,3.5,Quick Serve,Mexican,1441 Broadway,(212) 764-9084,,1,10018,40.754707,-73.986753,5,3,113,"1,022,569","1,009,930,055",Midtown-Midtown South                                                      ,"1441 Broadway(40.754707, -73.986753)"
Bobby Van's Steakhouse,3,3.5,Full Serve,American,120 West 45th Street,,,1,10036,40.757117,-73.983544,5,4,119,"1,069,581","1,009,970,041",Midtown-Midtown South                                                      ,"120 West 45th Street(40.757117, -73.983544)"
F & H Liquor Center Inc,2,4,Consumables,Beverages,810 7th Ave,(212) 247-4991,,1,10019,40.762639,-73.982146,5,4,131,"1,024,828","1,010,240,038",Midtown-Midtown South                                                      ,"810 7th Ave(40.762639, -73.982146)"
Martini's Restaurant,2,3.5,Full Serve,Italian,810 7th Ave,(212) 767-1146,,1,10019,40.762639,-73.982146,5,4,131,"1,024,828","1,010,240,038",Midtown-Midtown South                                                      ,"810 7th Ave(40.762639, -73.982146)"
Montenapo Restaurant,3,4,Full Serve,Italian,250 West 41st Street,(212) 764-7663 ,montenaporestaurant.com,1,10036,40.755973,-73.988886,5,3,113,"1,087,186","1,010,127,501",Midtown-Midtown South                                                      ,"250 West 41st Street(40.755973, -73.988886)"
Starbucks,1,2.5,Coffee,N/A,1656 Broadway,(212) 704-8937 ,,1,10019,40.762257,-73.983492,5,4,131,"1,024,818","1,010,230,029",Midtown-Midtown South                                                      ,"1656 Broadway(40.762257, -73.983492)"
Aureole,4,4,Full Serve,American,1 Bryant Park,2123191660,www.charliepalmer.com,1,10036,40.755182,-73.98388,5,4,119,"1,087,268","1,009,950,033",Midtown-Midtown South                                                      ,"1 Bryant Park(40.755182, -73.98388)"
Dunhill Cafe,1,3.5,Full Serve,American,109 W 45th St,(212) 944-8484,,1,10036,40.757026,-73.983291,5,4,119,"1,022,641","1,009,980,026",Midtown-Midtown South                                                      ,"109 W 45th St(40.757026, -73.983291)"
Bubba Gump Shrimp Co.,2,3.5,Full Serve,Seafood,"209 Avenida FabricanteSuite 200",(212) 391-7100,www.bubbagump.com,1,,,,,,,,,N/A,"209 Avenida Fabricante Suite 200(33.4463, -117.587655)"
Cranberry Gourmet,1,3.5,Caf_ / Deli,N/A,115 W 45th St,(212) 730-9495,,1,10036,40.757078,-73.983411,5,4,119,"1,022,640","1,009,980,024",Midtown-Midtown South                                                      ,"115 W 45th St(40.757078, -73.983411)"
Haggis Inc,0,0,Full Serve,Scottish,120 W 44th St,2128408413,,1,10036,40.756461,-73.983952,5,4,119,"1,022,616","1,009,960,043",Midtown-Midtown South                                                      ,"120 W 44th St(40.756461, -73.983952)"
Saju French Bistro @ Hotel Mela,2,3.5,Full Serve,French,120 W 44th St,212-977-saju,www.sajunyc.com,1,10036,40.756461,-73.983952,5,4,119,"1,022,616","1,009,960,043",Midtown-Midtown South                                                      ,"120 W 44th St(40.756461, -73.983952)"
N Valenti Restaurant Associates,0,0,Catering,N/A,120 W 45th St,2127898145,,1,10036,40.757117,-73.983544,5,4,119,"1,069,581","1,009,970,041",Midtown-Midtown South                                                      ,"120 W 45th St(40.757117, -73.983544)"
Patina Restaurant Group,0,0,Catering,N/A,120 W 45th St,(212) 789-8100,,1,10036,40.757117,-73.983544,5,4,119,"1,069,581","1,009,970,041",Midtown-Midtown South                                                      ,"120 W 45th St(40.757117, -73.983544)"
Connolly's Pub And Restaurant,2,3.5,Bar / Lounge,N/A,121 W 45th St,(212) 597-5126,www.ConnollysPubAndRestaurant.com,1,10036,40.75713,-73.983533,5,4,119,"1,022,638","1,009,980,021",Midtown-Midtown South                                                      ,"121 W 45th St(40.75713, -73.983533)"
Cafe Un Deux Trois,2,3.5,Full Serve,French,123 W 44th St,(212) 354-4148,www.cafeuneuxtros.biz,1,10036,40.756491,-73.983977,5,4,119,"1,022,629","1,009,970,019",Midtown-Midtown South                                                      ,"123 W 44th St(40.756491, -73.983977)"
The Perfect Pint,2,3.5,Bar / Lounge,N/A,123 W 45th St,(212) 354-1099,www.theperfectpintnyc.com,1,10036,40.757147,-73.983573,5,4,119,"1,022,657","1,009,980,120",Midtown-Midtown South                                                      ,"123 W 45th St(40.757147, -73.983573)"
Duvel Bar Rest,2,3.5,Full Serve,Belgian,125 W 43rd St,(212) 768-0200,www.bxcafe.com,1,10036,40.75586,-73.984418,5,4,119,"1,022,614","1,009,960,020",Midtown-Midtown South                                                      ,"125 W 43rd St(40.75586, -73.984418)"
Trattoria Dopo Teatro,2,3,Full Serve,Italian,125 W 44th St,(212) 869-2849,dopoteatro.com,1,10036,40.756505,-73.984017,5,4,119,"1,022,629","1,009,970,019",Midtown-Midtown South                                                      ,"125 W 44th St(40.756505, -73.984017)"
H&B Heartland Burgers,2,3.5,Full Serve,American,127 W 43rd St,(646) 366-0235,http://www.heartlandbrewery.com/Times_Square.php,1,10036,40.755873,-73.984454,5,4,119,"1,022,613","1,009,960,014",Midtown-Midtown South                                                      ,"127 W 43rd St(40.755873, -73.984454)"
Heartland Brewery,2,3.5,Full Serve,American,127 W 43rd St,212-366-0235,www.heartlandbrewery.com,1,10036,40.755873,-73.984454,5,4,119,"1,022,613","1,009,960,014",Midtown-Midtown South                                                      ,"127 W 43rd St(40.755873, -73.984454)"
Cafe O,1,3,Full Serve,American,130 W 42nd St,(212) 852-4900,,1,10036,40.755278,-73.985172,5,4,113,"1,022,577","1,009,940,045",Midtown-Midtown South                                                      ,"130 W 42nd St(40.755278, -73.985172)"
NIOS Restaurant @ Muse Hotel,3,3.5,Full Serve,American,130 W 46th St,212 485-2400,districtnyc.com,1,10036,40.757814,-73.98328,5,4,119,"1,022,645","1,009,980,047",Midtown-Midtown South                                                      ,"130 W 46th St(40.757814, -73.98328)"
O'Brien's Bar and Grill,2,3.5,Bar / Lounge,American,134 W 46th St,(212) 391-1516,,1,10036,40.757847,-73.98336,5,4,119,"1,022,646","1,009,980,050",Midtown-Midtown South                                                      ,"134 W 46th St(40.757847, -73.98336)"
Pronto Pizza-Lemlen Pizza,1,3,Full Serve,Pizza,135 W 41st St,(212) 221-8886,,1,10036,40.754691,-73.985797,5,4,113,"1,022,577","1,009,940,045",Midtown-Midtown South                                                      ,"135 W 41st St(40.754691, -73.985797)"
Bobby Vans,3,3.5,Full Serve,Steakhouse,135 W 50th St,212-957-5050,www.bobbyvans.com,1,10020,40.760374,-73.981533,5,4,131,"1,022,708","1,010,030,005",Midtown-Midtown South                                                      ,"135 W 50th St(40.760374, -73.981533)"
Bocca To Go Cucian Italiana,2,3.5,Full Serve,Italian,135 W 50th St,(212) 582-3000,www.boccatogo.com,1,10020,40.760374,-73.981533,5,4,131,"1,022,708","1,010,030,005",Midtown-Midtown South                                                      ,"135 W 50th St(40.760374, -73.981533)"
Pret a Manger,1,3.5,Caf_ / Deli,N/A,135 W 50th St,(212) 489-6458,,1,10020,40.760374,-73.981533,5,4,131,"1,022,708","1,010,030,005",Midtown-Midtown South                                                      ,"135 W 50th St(40.760374, -73.981533)"
Dave & Buster's,2,3,Full Serve,American,2481 Manana Drive,(646) 495-2015,www.daveandbusters.com,1,,,,,,,,,N/A,"2481 Manana Drive(32.873859, -96.894618)"
Qdoba Mexican Grill,1,3.5,Quick Serve,Mexican,135 W 50th St,2127670040,www.qdoba.com,1,10020,40.760374,-73.981533,5,4,131,"1,022,708","1,010,030,005",Midtown-Midtown South                                                      ,"135 W 50th St(40.760374, -73.981533)"
Moda @ Flatotel,2,3,Full Serve,Italian,135 W 52nd St,(212) 887-9880,,1,10019,40.761736,-73.980883,5,4,131,"1,023,160","1,010,057,501",Midtown-Midtown South                                                      ,"135 W 52nd St(40.761736, -73.980883)"
Margon Restaurant Co.,1,4,Full Serve,Cuban,136 W 46th St,(212) 354-5013,,1,10036,40.757863,-73.9834,5,4,119,"1,022,647","1,009,980,051",Midtown-Midtown South                                                      ,"136 W 46th St(40.757863, -73.9834)"
Subway,1,2,Quick Serve,Fast Food,136 W 44th St,2128400792,www.subway.com wwww.papajohns.com,1,10036,40.756587,-73.984255,5,4,119,"1,022,618","1,009,960,049",Midtown-Midtown South                                                      ,"136 W 44th St(40.756587, -73.984255)"
Minar Indian Restaurant,1,3.5,Full Serve,Indian,138 W 46th St,(212) 398-4600,www.minarny.com,1,10036,40.757882,-73.983439,5,4,119,"1,022,658","1,009,980,151",Midtown-Midtown South                                                      ,"138 W 46th St(40.757882, -73.983439)"
Jimmy's Corner,1,4,Bar / Lounge,N/A,140 W 44th St,(212) 221-9510,,1,10036,40.75662,-73.984331,5,4,119,"1,022,619","1,009,960,050",Midtown-Midtown South                                                      ,"140 W 44th St(40.75662, -73.984331)"
Metro Deli/ Ranch #1,1,2.5,Caf_ / Deli,N/A,141 W 41st St,(212) 768-1111,,1,10036,40.754756,-73.985956,5,4,113,"1,022,574","1,009,940,016",Midtown-Midtown South                                                      ,"141 W 41st St(40.754756, -73.985956)"
Starbucks,1,2.5,Coffee,N/A,1500 Broadway,(212) 221-7515 ,,1,10036,40.756856,-73.985973,5,4,119,"1,022,610","1,009,960,001",Midtown-Midtown South                                                      ,"1500 Broadway(40.756856, -73.985973)"
"KFC, Tim Horton, Pizza Hut",1,1.5,Coffee,N/A,761 Seventh Ave,(212) 767-8347,,1,10019,40.761184,-73.983186,5,4,131,"1,022,710","1,010,037,501",Midtown-Midtown South                                                      ,"761 Seventh Ave(40.761184, -73.983186)"
Tad's Steakhouse,2,3,Full Serve,Steakhouse,761 Seventh Ave,(212) 382-1164,,1,10019,40.761184,-73.983186,5,4,131,"1,022,710","1,010,037,501",Midtown-Midtown South                                                      ,"761 Seventh Ave(40.761184, -73.983186)"
Haagen-Dazs,2,3,Quick Serve,Dessert,761-779 Seventh Ave,,www.haagen-dazs.com,1,10019,40.761184,-73.983186,5,4,131,"1,022,710","1,010,037,501",Midtown-Midtown South                                                      ,"761-779 Seventh Ave(40.761184, -73.983186)"
Pizza Hut,1,1.5,Quick Serve,Pizza,761-779 Seventh Ave,2127678347,www.pizzahut.com,1,10019,40.761184,-73.983186,5,4,131,"1,022,710","1,010,037,501",Midtown-Midtown South                                                      ,"761-779 Seventh Ave(40.761184, -73.983186)"
T.G.I. Friday's,2,1.5,Full Serve,American,761 Seventh Ave,2127678349,www.tgifridays.com,1,10019,40.761184,-73.983186,5,4,131,"1,022,710","1,010,037,501",Midtown-Midtown South                                                      ,"761 Seventh Ave(40.761184, -73.983186)"
Sbarro,2,2.5,Quick Serve,Pizza,701 Seventh Ave,2122219725,,1,10036,40.759293,-73.984543,5,4,125,"1,083,718","1,010,000,001",Midtown-Midtown South                                                      ,"701 Seventh Ave(40.759293, -73.984543)"
Tad's Steak House,2,3,Full Serve,Steakhouse,701 Seventh Ave,(212) 767-8348,,1,10036,40.759293,-73.984543,5,4,125,"1,083,718","1,010,000,001",Midtown-Midtown South                                                      ,"701 Seventh Ave(40.759293, -73.984543)"
Papa John's/Subway,1,2,Quick Serve,Pizza,765 Eighth Ave,2122451900,www.papajohns.com,1,10036,40.76029,-73.987572,4,3,127,"1,025,055","1,010,370,035",Clinton                                                                    ,"765 Eighth Ave(40.76029, -73.987572)"
Europa Cafe,2,3,Caf_ / Deli,N/A,787 Seventh Ave,2125812517,www.europacafe.com,1,10019,40.761955,-73.982622,5,4,131,"1,023,157","1,010,040,020",Midtown-Midtown South                                                      ,"787 Seventh Ave(40.761955, -73.982622)"
LyBane Wine Bar,2,3.5,Full Serve,Italian,709 Eighth Ave,(212) 582-2012,,1,10036,40.758885,-73.988604,4,3,121,"1,024,992","1,010,350,036",Clinton                                                                    ,"709 Eighth Ave(40.758885, -73.988604)"
Charley O's,1,1.5,Full Serve,American,713 Eighth Ave,2129770025,,1,10036,40.759011,-73.988514,4,3,121,"1,024,992","1,010,350,036",Clinton                                                                    ,"713 Eighth Ave(40.759011, -73.988514)"
Chicken Bar,1,3.5,Full Serve,American,717 Eighth Ave,(212) 245-5111,,1,10036,40.759264,-73.98833,4,3,121,"1,025,011","1,010,360,029",Clinton                                                                    ,"717 Eighth Ave(40.759264, -73.98833)"
Starbucks,1,2.5,Coffee,N/A,770 Eighth Ave,2128309001,www.starbucks.com,1,10036,40.760496,-73.987395,5,3,125,"1,086,225","1,010,190,001",Midtown-Midtown South                                                      ,"770 Eighth Ave(40.760496, -73.987395)"
Pigalle,3,4,Full Serve,French,790 Eighth Ave,(212) 489-2233,www.pigallenyc.com,1,10019,40.761127,-73.98694,5,3,125,"1,024,771","1,010,207,501",Midtown-Midtown South                                                      ,"790 Eighth Ave(40.761127, -73.98694)"
A Slice of New York Pizza,2,2,Quick Serve,Pizza,727 Eighth Ave,212-453-8970,,1,10036,40.759576,-73.988099,4,3,121,"1,081,652","1,010,360,036",Clinton                                                                    ,"727 Eighth Ave(40.759576, -73.988099)"
Tonic Sports Bar & Restaurant,2,3.5,Full Serve,American,727 Seventh Ave,(212) 382-1059,www.thetonicbar.com,1,10019,40.760059,-73.984005,5,4,125,"1,022,690","1,010,010,004",Midtown-Midtown South                                                      ,"727 Seventh Ave(40.760059, -73.984005)"
Daniela's Trattoria,2,3.5,Full Serve,Italian,728 Eighth Ave,212 869-3585,,1,10036,40.759327,-73.988258,5,3,119,"1,024,719","1,010,170,002",Midtown-Midtown South                                                      ,"728 Eighth Ave(40.759327, -73.988258)"
Spice Fusion,2,4,Full Serve,Indian,777 Eighth Ave,212-757-8100,www.myspicefusion.com,1,10036,40.76068,-73.987287,4,3,127,"1,025,101","1,010,380,031",Clinton                                                                    ,"777 Eighth Ave(40.76068, -73.987287)"
Latitude,2,3.5,Full Serve,American,783 Eighth Ave,(212) 245-3034,,1,10036,40.760814,-73.987189,4,3,127,"1,025,103","1,010,380,034",Clinton                                                                    ,"783 Eighth Ave(40.760814, -73.987189)"
Brazil Grill,2,2.5,Full Serve,Brazilian,787 Eighth Ave,(212) 307-9449,http://cityinsights.com/newyork/brazilgrill.htm,1,10036,40.760902,-73.987124,4,3,127,"1,025,105","1,010,380,036",Clinton                                                                    ,"787 Eighth Ave(40.760902, -73.987124)"
Hawaiian Tropic Zone,3,2.5,Full Serve,American,729 Seventh Ave,212-626-7312,www.hawaiiantropiczone.com,1,10019,40.760103,-73.983973,5,4,125,"1,022,699","1,010,017,501",Midtown-Midtown South                                                      ,"729 Seventh Ave(40.760103, -73.983973)"
Houlihan's Restaurant & Bar,2,3,Full Serve,American,729 Seventh Ave,2126267316,www.houlihans.com,1,10019,40.760103,-73.983973,5,4,125,"1,022,699","1,010,017,501",Midtown-Midtown South                                                      ,"729 Seventh Ave(40.760103, -73.983973)"
Ruby Tuesday,2,3,Full Serve,American,7 Times Sq,(212) 382-3898 ,http://www.rubytuesday.com/,1,10036,40.755915,-73.986681,5,3,113,"1,086,069","1,009,940,001",Midtown-Midtown South                                                      ,"7 Times Sq(40.755915, -73.986681)"
Playwright Celtic Pub,2,3,Bar / Lounge,N/A,732 Eighth Ave,(212) 354-8404,http://www.playwrightcelticpubnyc.com/,1,10036,40.759401,-73.988204,5,3,119,"1,024,721","1,010,170,004",Midtown-Midtown South                                                      ,"732 Eighth Ave(40.759401, -73.988204)"
Smith's Bar & Restaurant,2,2.5,Full Serve,American,701 Eighth Ave,(212) 246-3268,www.smithsbar.com,1,10036,40.758632,-73.988785,4,3,121,"1,024,991","1,010,350,029",Clinton                                                                    ,"701 Eighth Ave(40.758632, -73.988785)"
Pax Foods,2,3,Caf_ / Deli,N/A,740 Seventh Ave,(212) 399-9100,www.paxfood.com,1,10019,40.760369,-73.983807,5,4,125,"1,024,778","1,010,200,036",Midtown-Midtown South                                                      ,"740 Seventh Ave(40.760369, -73.983807)"
"Godiva Chocolatier, Inc.",2,4,Consumables,Non-beverages,745 Seventh Ave,(212) 921-2193,www.godiva.com,1,10019,40.760605,-73.983612,5,4,125,"1,084,667","1,010,020,001",Midtown-Midtown South                                                      ,"745 Seventh Ave(40.760605, -73.983612)"
Hale & Hearty,1,3,Caf_ / Deli,N/A,745 Seventh Ave,2122219666,www.haleandhearty.com,1,10019,40.760605,-73.983612,5,4,125,"1,084,667","1,010,020,001",Midtown-Midtown South                                                      ,"745 Seventh Ave(40.760605, -73.983612)"
Majestic Delication Caf_,2,2.5,Caf_ / Deli,N/A,750 Seventh Ave,2125818249,www.majesticdeli.com,1,10019,40.760753,-73.983525,5,4,125,"1,024,795","1,010,210,026",Midtown-Midtown South                                                      ,"750 Seventh Ave(40.760753, -73.983525)"
Ruby Foo's,2,3,Full Serve,Pan Asian,750 Seventh Ave,(212) 489-5600,www.brguestrestaurants.com,1,10019,40.760753,-73.983525,5,4,125,"1,024,795","1,010,210,026",Midtown-Midtown South                                                      ,"750 Seventh Ave(40.760753, -73.983525)"
Starbucks,1,2.5,Coffee,N/A,750 Seventh Ave,2129740032,www.starbucks.com,1,10019,40.760753,-73.983525,5,4,125,"1,024,795","1,010,210,026",Midtown-Midtown South                                                      ,"750 Seventh Ave(40.760753, -73.983525)"
Kodama Sushi,2,3.5,Full Serve,Japanese,301 W 45th St,(212) 582-8065 ,http://kodamajapanesenyc.com/,1,10036,40.759351,-73.988814,4,3,121,"1,025,011","1,010,360,029",Clinton                                                                    ,"301 W 45th St(40.759351, -73.988814)"
"Mean Fiddler, The",2,4,Bar / Lounge,N/A,266 W 47th St,(212) 354-2950,,1,10036,40.76001,-73.986557,5,3,125,"1,024,748","1,010,180,061",Midtown-Midtown South                                                      ,"266 W 47th St(40.76001, -73.986557)"
Midtown Gourmet Deli,1,2,Caf_ / Deli,N/A,840 Eighth Ave,(212) 586-6433,,1,10019,40.762694,-73.985799,5,3,131,"1,024,813","1,010,220,061",Midtown-Midtown South                                                      ,"840 Eighth Ave(40.762694, -73.985799)"
Nan King Chinese Cuisine,2,2.5,Full Serve,Chinese,1632 Broadway,(212) 586-3100,,1,10019,40.761516,-73.983976,5,4,131,"1,024,810","1,010,220,026",Midtown-Midtown South                                                      ,"1632 Broadway(40.761516, -73.983976)"
Patzeria Pizza,1,4,Quick Serve,Pizza,231 W 46th St,(212) 575-7646,http://www.patzeriaspizzanyc.com,1,10036,40.759101,-73.986276,5,3,125,"1,024,738","1,010,180,013",Midtown-Midtown South                                                      ,"231 W 46th St(40.759101, -73.986276)"
Piano Due,3,4,Quick Serve,American,151 W 51st St,(212) 399-9400,http://www.pianoduenyc.net/,1,10019,40.761324,-73.981846,5,4,131,"1,023,157","1,010,040,020",Midtown-Midtown South                                                      ,"151 W 51st St(40.761324, -73.981846)"
Sombrero,2,2.5,Full Serve,Mexican,303 W 48th St,(212) 586-4853,www.sombreroRestaurant.com,1,10036,40.76124,-73.987478,4,3,127,"1,025,141","1,010,390,029",Clinton                                                                    ,"303 W 48th St(40.76124, -73.987478)"
Thalia Kitchen,2,3.5,Full Serve,Italian,828 Eighth Ave,(212) 399-4444,http://www.restaurantthalia.com/,1,10019,40.762192,-73.986164,5,3,125,"1,085,498","1,010,210,001",Midtown-Midtown South                                                      ,"828 Eighth Ave(40.762192, -73.986164)"
Tom and Toon,2,4,Full Serve,Thai,245 W 51st St,,,1,10019,40.762439,-73.984492,5,3,131,"1,024,816","1,010,230,006",Midtown-Midtown South                                                      ,"245 W 51st St(40.762439, -73.984492)"
Grand Sichuan,2,3.5,Full Serve,Chinese,368 W 46th St,,,1,10036,40.760548,-73.989734,4,3,121,"1,025,028","1,010,360,060",Clinton                                                                    ,"368 W 46th St(40.760548, -73.989734)"
Chopp't,2,3.5,Caf_ / Deli,N/A,1460 Broadway,,,1,10036,40.754998,-73.986284,5,4,113,"1,022,573","1,009,947,504",Midtown-Midtown South                                                      ,"1460 Broadway(40.754998, -73.986284)"
Glass House Tavern,3,3.5,Full Serve,American,"252 W 47th StStorefront",(212) 730-4800,http://glasshousetavern.com,1,10036,40.759906,-73.986312,5,3,125,"1,024,745","1,010,180,055",Midtown-Midtown South                                                      ,"252 W 47th St Storefront(40.759906, -73.986312)"
Off Broadway Deli/ Pizza,1,2.4,Caf_ / Deli,N/A,726 Eighth Ave,,,1,10036,40.759291,-73.988287,5,3,119,"1,024,732","1,010,170,101",Midtown-Midtown South                                                      ,"726 Eighth Ave(40.759291, -73.988287)"
Z Deli-Pizzeria,1,3.5,Quick Serve,Pizza,803 Eighth Ave,(212) 315-1659,,1,10019,40.761371,-73.986785,4,3,127,"1,025,144","1,010,390,032",Clinton                                                                    ,"803 Eighth Ave(40.761371, -73.986785)"
Zheng's Lucky Sunday Garden,2,1.5,Quick Serve,Chinese,856 Eighth Ave,(212) 459-3607,http://www.luckysundayny.com/,1,10019,40.763207,-73.985423,5,3,131,"1,081,644","1,010,230,002",Midtown-Midtown South                                                      ,"856 Eighth Ave(40.763207, -73.985423)"
Charley O's,2,1,Full Serve,American,1611 Broadway,(212) 246-1960,,1,10019,40.760696,-73.984568,5,3,125,"1,076,195","1,010,200,046",Midtown-Midtown South                                                      ,"1611 Broadway(40.760696, -73.984568)"
Amadeus Pizza,1,3,Quick Serve,Pizza,856 Eighth Ave,(212) 489-6187,www.rayspizzany.com,1,10019,40.763207,-73.985423,5,3,131,"1,081,644","1,010,230,002",Midtown-Midtown South                                                      ,"856 Eighth Ave(40.763207, -73.985423)"
Andy's Deli & Natural Foods,1,3.5,Caf_ / Deli,N/A,270 W 47th St,,,1,10036,40.76004,-73.98663,5,3,125,"1,024,748","1,010,180,061",Midtown-Midtown South                                                      ,"270 W 47th St(40.76004, -73.98663)"
Angus McIndoe Restaurant,2,3,Full Serve,American,258 West 44th Street,(212) 221-9222,www.AngusMcIndoe.com,1,10036,40.758108,-73.987861,5,3,119,"1,024,710","1,010,150,059",Midtown-Midtown South                                                      ,"258 West 44th Street(40.758108, -73.987861)"
Brazil Brazil,2,3.5,Full Serve,Brazilian,328 W 46th St,(212) 957-4300,www.brazilbrazilrestaurant.com,1,10036,40.760205,-73.988922,4,3,121,"1,076,202","1,010,360,045",Clinton                                                                    ,"328 W 46th St(40.760205, -73.988922)"
Sofia's,2,2,Full Serve,Italian,221 W 46th St,(212) 719-5799,www.sofiasny.com,1,10036,40.759025,-73.986092,5,3,125,"1,076,192","1,010,180,018",Midtown-Midtown South                                                      ,"221 W 46th St(40.759025, -73.986092)"
VACANT (frmerly Starbucks),1,2,Coffee,N/A,"1600 BroadwayStorefront",,,1,10019,40.76035,-73.984713,5,4,125,"1,087,187","1,010,207,502",Midtown-Midtown South                                                      ,"1600 Broadway Storefront(40.76035, -73.984713)"
Cafe Nicole @ Novotel,3,3.5,Full Serve,French,226 W 52nd St,(951) 729-8661,http://www.novotel.com/gb/hotel-0753-novotel-new-york-times-square/restaurant.shtml,1,10019,40.762897,-73.983683,5,3,131,"1,024,817","1,010,230,018",Midtown-Midtown South                                                      ,"226 W 52nd St(40.762897, -73.983683)"
Cafe Edison,1,3,Full Serve,American,228 W 47th St,(212) 840-5000,www.edisonhotelnyc.com,1,10036,40.759727,-73.985886,5,3,125,"1,076,192","1,010,180,018",Midtown-Midtown South                                                      ,"228 W 47th St(40.759727, -73.985886)"
Ciro Trattoria,2,3,Full Serve,Italian,813 Eighth Ave,(212) 307-5484,www.cirotrattorianyc.com,1,10019,40.761569,-73.98664,4,3,127,"1,025,144","1,010,390,032",Clinton                                                                    ,"813 Eighth Ave(40.761569, -73.98664)"
Olympic Restaurant,1,4,Full Serve,American,807 Eighth Ave,(212) 956-3230,,1,10019,40.761451,-73.986727,4,3,127,"1,025,144","1,010,390,032",Clinton                                                                    ,"807 Eighth Ave(40.761451, -73.986727)"
Emmett O'Lunney's,2,4,Bar / Lounge,N/A,210 W 50th St,(212) 957-5100,www.emmettolunneys.com,1,10019,40.76156,-73.984395,5,3,125,"1,024,802","1,010,210,045",Midtown-Midtown South                                                      ,"210 W 50th St(40.76156, -73.984395)"
Maxie's Delicatessen,2,2.5,Caf_ / Deli,N/A,723 Seventh Ave,(212) 398-1118,,1,10019,40.759974,-73.984067,5,4,125,"1,022,688","1,010,010,001",Midtown-Midtown South                                                      ,"723 Seventh Ave(40.759974, -73.984067)"
Cyber Cafe,2,3,Caf_ / Deli,N/A,250 W 49th St,,,1,10019,40.761193,-73.985478,5,3,125,"1,024,785","1,010,200,059",Midtown-Midtown South                                                      ,"250 W 49th St(40.761193, -73.985478)"
Palm Restaurant,4,3.5,Full Serve,Steakhouse,250 W 50th St,(212) 333-7256,http://www.thepalm.com/,1,10019,40.76183,-73.985034,5,3,125,"1,085,498","1,010,210,001",Midtown-Midtown South                                                      ,"250 W 50th St(40.76183, -73.985034)"
Jade Terrace,1,1.5,Full Serve,Chinese,268 W 47th St,(212) 398-3800 ,,1,10036,40.760024,-73.986594,5,3,125,"1,024,748","1,010,180,061",Midtown-Midtown South                                                      ,"268 W 47th St(40.760024, -73.986594)"
vacant (Red Mango),1,3.5,Quick Serve,Dessert,723 Eighth Ave,(212) 315-0101,http://www.redmangousa.com/default.html,1,10036,40.75945,-73.988193,4,3,121,"1,025,011","1,010,360,029",Clinton                                                                    ,"723 Eighth Ave(40.75945, -73.988193)"
Russian Vodka Room,2,4,Full Serve,Russian,265 W 52nd St,(212) 307-5835 ,http://russianvodkaroom.com/,1,10019,40.763183,-73.984315,5,3,131,"1,024,825","1,010,240,001",Midtown-Midtown South                                                      ,"265 W 52nd St(40.763183, -73.984315)"
Katen Sushi Bar,4,3,Full Serve,Japanese,"1535 Broadway8th Floor",(212) 398-1900,,1,10036,40.758267,-73.985468,5,3,119,"1,024,727","1,010,170,029",Midtown-Midtown South                                                      ,"1535 Broadway 8th Floor(40.758267, -73.985468)"
Rum House,2,4,Bar / Lounge,N/A,228 W 47th St,(212) 869-3005,,1,10036,40.759727,-73.985886,5,3,125,"1,076,192","1,010,180,018",Midtown-Midtown South                                                      ,"228 W 47th St(40.759727, -73.985886)"
Hudson's Sports Bar & Grill,2,3.5,Quick Serve,American,811 Seventh Ave,(212) 841-6551,,1,10019,40.762674,-73.982095,5,4,131,"1,023,159","1,010,050,001",Midtown-Midtown South                                                      ,"811 Seventh Ave(40.762674, -73.982095)"
Russo's Steak and Pasta,4,3,Full Serve,American,790 Seventh Ave,(212) 621-8523,shearton.com/manhattan,1,10019,40.762005,-73.982612,5,4,131,"1,024,818","1,010,230,029",Midtown-Midtown South                                                      ,"790 Seventh Ave(40.762005, -73.982612)"
Starlite Deli,1,3.5,Caf_ / Deli,N/A,212 W 44th St,(212) 840-1859,,1,10036,40.757531,-73.986493,5,3,119,"1,024,706","1,010,150,029",Midtown-Midtown South                                                      ,"212 W 44th St(40.757531, -73.986493)"
Villa Pizza,2,2,Quick Serve,Pizza,662 Eighth Ave,(212) 302-2941,www.villapizza.com,1,10036,40.757381,-73.989669,5,3,119,"1,087,142","1,010,140,001",Midtown-Midtown South                                                      ,"662 Eighth Ave(40.757381, -73.989669)"
Harmony View,2,4,Bar / Lounge,N/A,210 W 50th St,(212) 957-5100,www.harmonyview.com/,1,10019,40.76156,-73.984395,5,3,125,"1,024,802","1,010,210,045",Midtown-Midtown South                                                      ,"210 W 50th St(40.76156, -73.984395)"
Pearls,2,3,Full Serve,Chinese,732 Seventh Ave,(212) 582-7380,,1,10019,40.760177,-73.983944,5,4,125,"1,024,779","1,010,200,038",Midtown-Midtown South                                                      ,"732 Seventh Ave(40.760177, -73.983944)"
Frankie & Johnnie's Steakhouse,3,3.5,Full Serve,Steakhouse,269 W 45th St,(212) 997-9494,http://www.frankieandjohnnies.com/,1,10036,40.758863,-73.987641,5,3,119,"1,024,718","1,010,170,001",Midtown-Midtown South                                                      ,"269 W 45th St(40.758863, -73.987641)"
Times Square Hot Bagels,1,3.5,Caf_ / Deli,N/A,200 W 44th St,(212) 997-7300,,1,10036,40.757405,-73.98619,5,3,119,"1,024,706","1,010,150,029",Midtown-Midtown South                                                      ,"200 W 44th St(40.757405, -73.98619)"
Brasserie 1605,2,3,Full Serve,American,1605 Broadway,(212) 315-6195,www.cpmanhattantimessquare.com,1,10019,40.760537,-73.984644,5,3,125,"1,076,195","1,010,200,046",Midtown-Midtown South                                                      ,"1605 Broadway(40.760537, -73.984644)"
La Masseria,3,4,Full Serve,Italian,235 W 48th St,(212) 582-2111,http://www.lamasserianyc.com/,1,10036,40.760476,-73.985666,5,3,125,"1,076,194","1,010,200,005",Midtown-Midtown South                                                      ,"235 W 48th St(40.760476, -73.985666)"
Teriyaki Boy (month to month),1,3.5,Quick Serve,Japanese,732 Seventh Ave,(212) 265-8181,,1,10019,40.760177,-73.983944,5,4,125,"1,024,779","1,010,200,038",Midtown-Midtown South                                                      ,"732 Seventh Ave(40.760177, -73.983944)"
Hourglass Tavern,2,4,Full Serve,N/A,373 W 46th St,(212) 265-2060,http://www.hourglasstavern.com,1,10036,40.760598,-73.989803,4,3,127,"1,025,077","1,010,370,101",Clinton                                                                    ,"373 W 46th St(40.760598, -73.989803)"
Mama Sbarro's,1,2.5,Quick Serve,Pizza,1606 Broadway,(212) 768-4194,www.sbarro.com,1,10019,40.760556,-73.984615,5,4,125,"1,024,779","1,010,200,038",Midtown-Midtown South                                                      ,"1606 Broadway(40.760556, -73.984615)"
Yoshinoya Beef Bowl Restaurant,1,2.5,Full Serve,Japanese,255 W 42nd St,(212) 703-9940,http://www.yoshinoyausa.com,1,10036,40.756892,-73.988958,5,3,119,"1,087,142","1,010,140,001",Midtown-Midtown South                                                      ,"255 W 42nd St(40.756892, -73.988958)"
"Natsumi Restaurant, Bar & Lounge",3,4,Full Serve,Japanese,226 W 50th St,(212) 258-2988,www.natsumnyc.com,1,10019,40.761668,-73.984651,5,3,125,"1,024,806","1,010,210,052",Midtown-Midtown South                                                      ,"226 W 50th St(40.761668, -73.984651)"
Brooklyn Diner,2,3,Full Serve,Diner,155 W 43rd St,(212) 265-5400,www.brooklyndiner.com,1,10036,40.756082,-73.984948,5,4,119,"1,022,610","1,009,960,001",Midtown-Midtown South                                                      ,"155 W 43rd St(40.756082, -73.984948)"
Chevys Fresh Mex,2,3,Full Serve,Mexican,259 W 42nd St,(212) 302-4010,http://www.chevysny.com/EN/index.html,1,10036,40.756917,-73.989016,5,3,119,"1,087,142","1,010,140,001",Midtown-Midtown South                                                      ,"259 W 42nd St(40.756917, -73.989016)"
Tasti D-Lite,1,4,Quick Serve,Dessert,1588 Broadway,(212) 977-4000,,1,10036,40.759873,-73.984915,5,4,125,"1,024,757","1,010,197,501",Midtown-Midtown South                                                      ,"1588 Broadway(40.759873, -73.984915)"
Carve: Unique Sandwiches,1,3.5,Quick Serve,American,768 Eighth Ave,(212) 730-4949,http://www.carve.cc/,1,10036,40.760309,-73.987532,5,3,125,"1,024,748","1,010,180,061",Midtown-Midtown South                                                      ,"768 Eighth Ave(40.760309, -73.987532)"
Starbucks (@ Marriott),1,2.5,N/A,N/A,1535 Broadway,(212) 398-1900,http://www.starbucks.com/store/14269/,1,10036,40.758267,-73.985468,5,3,119,"1,024,727","1,010,170,029",Midtown-Midtown South                                                      ,"1535 Broadway(40.758267, -73.985468)"
Ray's Famous Pizza,1,3,Quick Serve,Pizza,736 Seventh Ave,(212) 956-7297,www.rayspizzany.com,1,10019,40.760273,-73.983875,5,4,125,"1,024,777","1,010,200,035",Midtown-Midtown South                                                      ,"736 Seventh Ave(40.760273, -73.983875)"
Jamba Juice,1,3.5,Caf_ / Deli,N/A,1700 17th Street,(212) 582-1915,www.jambajuice.com,1,,,,,,,,,N/A,"1700 17th Street(40.01635, -105.272599)"
vacant (8th Avenue Pavilion Flea Market),,,Consumables,Non-beverages,675 Eighth Ave,N/A,,1,10036,40.757705,-73.98946,4,3,121,"1,083,728","1,010,330,036",Clinton                                                                    ,"675 Eighth Ave(40.757705, -73.98946)"
Bond 45,3,3.5,Full Serve,Italian,154 West 45th St,(212) 869-4545,www.bond45.com,1,10036,40.757408,-73.98423,5,4,119,"1,022,624","1,009,970,001",Midtown-Midtown South                                                      ,"154 West 45th St(40.757408, -73.98423)"
Pax World,2,3,Caf_ / Deli,N/A,225 W 42nd St,(800) 767-1729,http://www.paxworld.com/,1,10036,40.756508,-73.988042,5,3,119,"1,024,683","1,010,140,017",Midtown-Midtown South                                                      ,"225 W 42nd St(40.756508, -73.988042)"
705 8th Avenue (8th Avenue Food Court),1,,Caf_ / Deli,N/A,"705 Eighth AveStorefront",N/A,,1,10036,40.758759,-73.988695,4,3,121,"1,024,991","1,010,350,029",Clinton                                                                    ,"705 Eighth Ave Storefront(40.758759, -73.988695)"
Avenue Restaurant @ Sheraton Hilton Hotel,3,3.5,Full Serve,American,811 Seventh Ave,(212) 581-3300,,1,10019,40.762674,-73.982095,5,4,131,"1,023,159","1,010,050,001",Midtown-Midtown South                                                      ,"811 Seventh Ave(40.762674, -73.982095)"
Azalea,3,4,Full Serve,Italian,224 W 51st St,(212) 262-0105,http://www.lunapienanyc.com/azalea_new/,1,10019,40.76228,-73.984164,5,3,131,"1,024,812","1,010,220,043",Midtown-Midtown South                                                      ,"224 W 51st St(40.76228, -73.984164)"
Bella Vita,2,3.5,Full Serve,Italian,211 W 43rd St,(212) 730-1479,www.bellavitanyc.com,1,10036,40.756983,-73.987081,5,3,119,"1,024,706","1,010,150,029",Midtown-Midtown South                                                      ,"211 W 43rd St(40.756983, -73.987081)"
Bistro Caterers,0,0,Catering,N/A,155 W 51st St,N/A,,1,10019,40.761346,-73.981901,5,4,131,"1,023,157","1,010,040,020",Midtown-Midtown South                                                      ,"155 W 51st St(40.761346, -73.981901)"
CAF @ Times Square,2,3.5,Caf_ / Deli,N/A,159 W 46th St,(212) 391-7351,,1,10036,40.758066,-73.983829,5,4,125,"1,022,661","1,009,990,003",Midtown-Midtown South                                                      ,"159 W 46th St(40.758066, -73.983829)"
Chipotle Mexican grill,2,3,Quick Serve,Mexican,854 Eighth Ave,(212) 757-4312,www.chipotle.com,1,10019,40.763166,-73.985452,5,3,131,"1,081,642","1,010,230,002",Midtown-Midtown South                                                      ,"854 Eighth Ave(40.763166, -73.985452)"
Famous Dave's B-B-Q,2,3,Full Serve,Barbecue,169 W 47th St,(212) 764-1899,http://www.famousdaves.com/,1,10036,40.758777,-73.983583,5,4,125,"1,083,718","1,010,000,001",Midtown-Midtown South                                                      ,"169 W 47th St(40.758777, -73.983583)"
Famous Famiglia Pizza,1,3.5,Quick Serve,Pizza,686 Eighth Ave,(212) 382-3030,,1,10036,40.758163,-73.989099,5,3,119,"1,024,703","1,010,150,001",Midtown-Midtown South                                                      ,"686 Eighth Ave(40.758163, -73.989099)"
Fu Ying,1,2.5,Quick Serve,Chinese,811 Eighth Ave,(212) 489-5008,,1,10019,40.761531,-73.986669,4,3,127,"1,025,144","1,010,390,032",Clinton                                                                    ,"811 Eighth Ave(40.761531, -73.986669)"
Green Symphony,1,4,Full Serve,Organic,255 W 43rd St,(212) 391-4747,,1,10036,40.757359,-73.987973,5,3,119,"1,024,703","1,010,150,001",Midtown-Midtown South                                                      ,"255 W 43rd St(40.757359, -73.987973)"
Haru,2,3.5,Full Serve,Japanese,205 W 43rd St,(212) 398-9810,,1,10036,40.75693,-73.986959,5,3,119,"1,024,706","1,010,150,029",Midtown-Midtown South                                                      ,"205 W 43rd St(40.75693, -73.986959)"
Insieme @ The Michaelangelo,3,4,Full Serve,Italian,777 Seventh Ave,(212) 582-1310,www.restaurantinsieme.com,1,10019,40.761571,-73.9829,5,4,131,"1,022,710","1,010,037,501",Midtown-Midtown South                                                      ,"777 Seventh Ave(40.761571, -73.9829)"
Starbucks,1,2.5,Coffee,N/A,684 Eighth Ave,(212) 398-9702,,1,10036,40.758108,-73.989139,5,3,119,"1,024,703","1,010,150,001",Midtown-Midtown South                                                      ,"684 Eighth Ave(40.758108, -73.989139)"
"Metromet, Inc.",0,0,Catering,N/A,"224 West 49th StreetSuite 1619",N/A,http://www.metromet.com/metromet/index.php,1,10019,40.761014,-73.985052,5,3,125,"1,024,782","1,010,200,051",Midtown-Midtown South                                                      ,"224 West 49th Street Suite 1619(40.761014, -73.985052)"
Barbetta Restaurant,3,3.5,Full Serve,Italian,321 West 46th Street,(212) 246-9171,barbettarestaurant.com,1,10036,40.76015,-73.988749,4,3,127,"1,080,891","1,010,370,020",Clinton                                                                    ,"321 West 46th Street(40.76015, -73.988749)"
Le Bernardin,4,4.5,Full Serve,French,155 West 51st.,(212) 554-1515,www.le-bernardin.com,1,,,,,,,,,,"155 West 51st.(41.801892, -87.629667)"